# Jordà/Schularick/Taylor, Macrohistory Database R6, macrohistory.net
# Lizenz: CC BY-NC-SA 4.0 (nicht kommerziell), abgerufen 30.09.2026; siehe JST-LIZENZ.md
iso,year,rgdpbarro,gdp,cpi,stir,ltrate,hpnom,unemp,debtgdp,tloans,lev,crisisJST,revenue,expenditure
USA,1980,60.551,2857.31,64.2244,13.35,11.46,62.2816,7.1,0.325,1527.14,3.94747,0,517.112,590.941
USA,1981,61.4797,3207.04,70.288,16.39,13.9108,65.4161,7.6,0.317,1624.34,3.98006,0,599.272,678.241
USA,1982,59.7001,3343.79,74.5326,12.24,13.0008,67.5634,9.7,0.343,1690.66,4.02323,0,617.766,745.743
USA,1983,61.8498,3634.04,77.716,9.09,11.105,70.1868,9.6,0.387,1873.92,4.14987,0,600.562,808.364
USA,1984,65.7575,4037.61,80.95,10.23,12.4383,73.2151,7.5,0.396,2182.12,4.29174,1,666.438,851.805
USA,1985,67.8882,4338.98,83.7292,8.1,10.6233,76.9577,7.2,0.426,2414.81,4.33954,0,734.037,946.344
USA,1986,69.6116,4579.63,85.1945,6.8,7.6825,82.1712,7,0.468,2667.18,4.38252,0,769.155,990.382
USA,1987,71.3366,4855.22,88.1253,6.66,8.38417,87.45,6.2,0.492,2889.21,4.21787,0,854.287,1004.02
USA,1988,73.6343,5236.44,91.3087,7.57,8.84583,92.1221,5.5,0.506,3120.12,4.3675,0,909.238,1064.42
USA,1989,75.5428,5641.58,95.3007,9.21,8.49917,96.9823,5.3,0.516,3229.7,4.53262,0,991.104,1143.74
USA,1990,76.1028,5963.14,100,8.1,8.55,100,5.6,0.544,3253.87,5.74525,0,1031.96,1252.99
USA,1991,74.9508,6158.13,103.638,5.69,7.85833,101.903,6.8,0.591,3136.61,6.22809,0,1054.99,1324.23
USA,1992,76.3963,6520.33,106.215,3.52,7.01,104.74,7.5,0.624,3077.77,7.06048,0,1091.21,1381.53
USA,1993,77.4237,6858.56,108.893,3.02,5.87333,107.176,6.9,0.642,3195.8,7.51124,0,1154.33,1409.39
USA,1994,79.5812,7287.24,111.167,4.21,7.08,109.919,6.1187,0.647,3400.2,7.53162,0,1258.57,1461.75
USA,1995,80.62,7639.75,113.845,5.83,6.58,113.269,5.6504,0.651,3619.29,7.52665,0,1351.79,1515.74
USA,1996,82.6604,8073.12,116.877,5.3,6.43833,117.204,5.4511,0.652,3820.78,7.47915,0,1453.05,1560.48
USA,1997,85.3801,8577.55,119.404,5.46,6.3525,121.156,5.0003,0.635,4088.51,7.41132,0,1579.23,1601.12
USA,1998,87.94,9062.82,121.021,5.35,5.26417,127.372,4.5105,0.613,4435.31,7.40731,0,1721.73,1652.46
USA,1999,90.8377,9631.2,123.598,4.97,5.63667,133.639,4.2188,0.591,4768.3,7.53888,0,1827.45,1701.84
USA,2000,93.1583,10251,127.792,6.24,6.02917,142.184,3.992,0.556,5162.8,7.45631,0,2025.19,1788.95
USA,2001,92.9283,10581.9,131.43,3.88,5.0175,152.805,4.7313,0.548,5461.07,7.64934,0,1991.08,1862.85
USA,2002,93.5382,10929.1,133.502,1.67,4.61083,162.483,5.7832,0.572,5826.41,7.61178,0,1853.14,2010.89
USA,2003,95.0783,11456.5,136.534,1.13,4.015,172.586,5.9887,0.599,6318.38,7.59696,0,1782.31,2159.9
USA,2004,97.6585,12217.2,140.222,1.35,4.27417,188.666,5.5286,0.612,7081.55,7.7939,0,1880.11,2292.84
USA,2005,100,13039.2,144.972,3.22,4.29,209.984,5.0835,0.616,7767.34,7.97309,0,2153.61,2471.96
USA,2006,101.868,13815.6,149.672,4.97,4.79167,225.103,4.623,0.62,8366.09,7.89144,0,2406.87,2655.05
USA,2007,102.797,14474.2,153.916,5.02,4.62917,227.811,4.6221,0.626,8972.79,7.62715,1,2567.99,2728.69
USA,2008,101.69,14769.9,159.828,1.92,3.66667,217.008,5.7842,0.677,9296.99,7.21892,0,2523.99,2982.54
USA,2009,98.2454,14478.1,159.272,0.16,3.25667,205.521,9.2542,0.823,8756.68,8.45182,0,2104.99,3517.68
USA,2010,99.9316,15049,161.9,0.18,3.21417,197.492,9.6334,0.912,8954.96,8.71555,0,2162.71,3457.08
USA,2011,100.747,15599.7,167.004,0.1,2.78583,190.362,8.9492,0.958,9151.25,8.76656,0,2303.47,3603.06
USA,2012,102.26,16254,170.541,0.14,1.8025,190.243,8.0694,1,9444.21,8.73908,0,2449.99,3536.95
USA,2013,103.425,16843.2,173.067,0.11,2.35083,204.317,7.3749,1.007,9730.2,9.08032,0,2775.1,3454.65
USA,2014,105.262,17550.7,175.998,0.09,2.54083,214.714,6.1675,1.026,10273.2,9.12549,0,3021.49,3506.11
USA,2015,107.704,18206,176.301,0.13,2.13583,226.015,5.28,1.001,10986.9,9.32264,0,3249.89,3688.29
USA,2016,108.756,18695.1,178.575,0.39,1.84167,238.756,4.8692,1.052,11698.2,9.27805,0,3267.96,3852.61
USA,2017,110.591,19479.6,182.415,1,2.33,253.522,4.3552,1.046,12263.2,9.34965,0,3316.18,3981.63
USA,2018,113.307,20527.2,186.862,1.83,2.91,269.281,3.8956,1.054,12814.9,9.39154,0,3329.91,4109.04
USA,2019,115.23,21372.6,190.248,2.16,2.14417,282.986,2,1.068,13455.4,9.31532,0,3463.36,4446.96
USA,2020,110.823,20893.7,192.623,0.37,0.894167,305.222,8.05,1.281,14528.9,8.53319,0,3421.16,6550.4
ESP,1980,51.1449,1.57238e+07,41.0575,15.4567,15.9608,21.9771,11.5,0.159872,1.05165e+07,5.96481,0,2.1791e+06,2.6115e+06
ESP,1981,50.7327,1.76349e+07,47.0322,15.8947,15.8117,23.3177,14.2,0.195762,1.23558e+07,5.61997,0,2.5746e+06,3.0878e+06
ESP,1982,51.2811,2.04306e+07,53.8113,17.1728,15.9875,24.0949,16,0.243971,1.43322e+07,5.04348,0,3.0028e+06,4.0582e+06
ESP,1983,51.9847,2.33559e+07,60.3633,19.4528,16.9092,28.7585,17.5,0.294779,1.60409e+07,5.41039,0,3.6313e+06,4.8099e+06
ESP,1984,52.2375,2.64725e+07,67.1713,12.6017,16.5225,30.9372,20.2,0.353572,1.64185e+07,5.00186,0,4.2184e+06,5.9083e+06
ESP,1985,53.6352,2.92953e+07,73.092,11.6105,13.3675,34.0462,21.64,0.402425,1.79388e+07,5.08545,0,4.78e+06,6.6159e+06
ESP,1986,55.6319,3.3654e+07,79.5211,11.4908,11.3542,39.275,21.2587,0.415571,1.9805e+07,5.24526,0,6.0399e+06,7.7096e+06
ESP,1987,59.3974,3.78576e+07,83.6941,16.0648,12.8133,55.2745,20.6068,0.418711,2.31804e+07,5.62016,0,7.1295e+06,8.7055e+06
ESP,1988,63.0628,4.23403e+07,87.7424,11.292,11.7442,69.9963,19.8534,0.383607,2.72659e+07,6.68698,0,8.178e+06,9.517e+06
ESP,1989,67.0333,4.78295e+07,93.7022,14.3917,13.7025,86.5105,17.3311,0.397256,3.26153e+07,6.75213,0,9.847e+06,1.0951e+07
ESP,1990,70.1567,5.36216e+07,100,14.7583,14.6775,100,16.2725,0.414526,3.62679e+07,6.87682,0,1.0343e+07,1.1799e+07
ESP,1991,72.2883,5.91091e+07,105.935,13.2017,12.3608,113.91,15.9285,0.422092,4.06843e+07,7.56095,0,1.1558e+07,1.2855e+07
ESP,1992,73.0457,6.39649e+07,112.211,13.0067,11.6933,113.144,17.7015,0.44579,4.34874e+07,6.74687,0,1.2841e+07,1.4531e+07
ESP,1993,71.4881,6.62156e+07,117.338,12.3267,10.2117,112.808,22.1606,0.555737,4.40093e+07,5.67917,0,1.31209e+07,1.6998e+07
ESP,1994,73.1034,7.07266e+07,122.873,7.8125,9.99583,114.498,24.2087,0.581744,4.5427e+07,6.25152,0,1.34555e+07,1.6817e+07
ESP,1995,75.4955,7.66354e+07,128.618,8.98333,11.27,118.503,22.6748,0.615424,4.82233e+07,6.01472,0,1.53756e+07,1.96467e+07
ESP,1996,77.2012,8.13965e+07,133.194,7.64833,8.73667,121.518,22.1419,0.654076,5.18083e+07,6.42176,0,1.61018e+07,1.95229e+07
ESP,1997,79.7874,8.63989e+07,135.694,5.48583,6.40167,126.699,20.6976,0.642495,5.89581e+07,6.44958,0,1.68256e+07,1.93665e+07
ESP,1998,83.162,9.25095e+07,138.086,4.34,4.83333,132.86,18.6736,0.62306,6.88595e+07,6.21124,0,1.84272e+07,2.02608e+07
ESP,1999,86.7965,9.912e+07,141.173,2.72333,4.7275,142.13,15.4756,0.608039,7.93604e+07,5.95397,0,1.967e+07,2.08809e+07
ESP,2000,90.9769,1.07793e+08,146.092,4.11167,5.52583,152.791,13.7852,0.578153,9.30775e+07,6.81263,0,2.08581e+07,2.21671e+07
ESP,2001,94.1225,1.16635e+08,151.336,4.36083,5.11667,167.308,10.3479,0.540495,1.03967e+08,6.46521,0,2.25127e+07,2.3237e+07
ESP,2002,95.3613,1.24715e+08,156.034,3.275,4.95917,195.687,11.1461,0.512499,1.16747e+08,6.43127,0,2.24456e+07,2.30902e+07
ESP,2003,96.6357,1.33486e+08,160.776,2.31167,4.12417,234.774,11.2834,0.477117,1.33477e+08,5.97091,0,2.31516e+07,2.40213e+07
ESP,2004,98.2014,1.42998e+08,165.662,2.04083,4.10333,277.819,11.0902,0.453655,1.57351e+08,6.46637,0,2.50887e+07,2.65763e+07
ESP,2005,100,1.54299e+08,171.242,2.08667,3.3875,318.381,9.1463,0.424302,2.00099e+08,6.07329,0,2.80487e+07,2.72753e+07
ESP,2006,102.362,1.67022e+08,177.261,2.8275,3.785,361.702,8.4522,0.390639,2.51014e+08,5.911,0,3.10634e+07,2.9713e+07
ESP,2007,104.035,1.78955e+08,182.203,3.8475,4.3075,397.179,8.2321,0.357646,2.92875e+08,5.93659,0,3.4476e+07,3.22694e+07
ESP,2008,103.346,1.84612e+08,189.628,3.85,4.36667,391.506,11.2545,0.39712,3.11122e+08,5.6012,1,2.90027e+07,3.4596e+07
ESP,2009,98.7205,1.7792e+08,189.084,0.675833,3.97917,365.639,17.8567,0.532613,3.05657e+08,5.87879,0,2.35925e+07,4.02962e+07
ESP,2010,98.4252,1.78484e+08,192.486,0.453333,4.25083,359.179,19.8597,0.605153,3.06807e+08,5.47943,0,2.8474e+07,3.71385e+07
ESP,2011,97.2441,1.76995e+08,198.639,1.0175,5.44,331.724,21.3905,0.698504,2.96592e+08,6.4745,0,2.96347e+07,3.61232e+07
ESP,2012,94.1929,1.7156e+08,203.496,0.27,5.845,282.7,24.7872,0.863068,2.67039e+08,5.70385,0,3.08526e+07,4.47317e+07
ESP,2013,93.1102,1.69772e+08,206.362,0.149167,4.56167,256.9,26.0936,0.957822,2.40968e+08,7.68891,0,3.04466e+07,3.87252e+07
ESP,2014,94.7835,1.71737e+08,206.051,0.115,2.72333,257.701,24.4413,1.00701,2.29629e+08,7.90285,0,3.13776e+07,3.7568e+07
ESP,2015,98.7205,1.79296e+08,205.02,-0.0758333,1.73583,266.939,22.0573,0.99303,2.20815e+08,8.2354,0,3.23524e+07,3.71305e+07
ESP,2016,101.575,1.85327e+08,204.605,-0.2075,1.39333,279.279,19.6347,0.991663,2.12332e+08,8.5916,0,3.19589e+07,3.66256e+07
ESP,2017,104.429,1.93318e+08,208.607,-0.286222,1.555,296.583,17.2236,0.985566,2.08639e+08,8.76194,0,3.28075e+07,3.63126e+07
ESP,2018,106.594,2.00205e+08,212.102,-0.28017,1.4225,316.537,15.2547,0.975143,2.01047e+08,8.65535,0,3.54923e+07,3.81189e+07
ESP,2019,107.972,2.07047e+08,213.585,-0.360833,0.659167,332.913,14.1,0.95537,1.98586e+08,8.7661,0,3.60217e+07,3.875e+07
ESP,2020,95.7677,1.86676e+08,212.895,-0.364167,0.375,340.361,15.53,1.19951,2.0373e+08,7.77147,0,3.24501e+07,4.80989e+07
IRL,1980,35.8848,10652.1,47.6653,14,15.599,51.0596,8.49496,0.665847,5752.54,,0,3423,4032
IRL,1981,36.3334,12925.2,57.3931,16.5,17.5447,56.9954,11.4682,0.71833,7068.22,,0,4242.15,5249.59
IRL,1982,36.4885,15333,67.2208,14,17.3313,62.8388,13.2734,0.767031,7949.08,,0,5313.28,6632.9
IRL,1983,35.9743,16900.2,74.2696,12.25,14.1274,63.026,14.76,0.861452,9001.11,,0,6112.41,7404.13
IRL,1984,36.864,18716.3,80.6442,13.2308,14.8471,59.4364,16.45,0.914974,10078.2,,0,6801.45,8061.37
IRL,1985,37.4652,20331.1,85.0337,11.925,12.9852,59.0193,17.92,0.929216,10941.7,,0,7296.2,8928.05
IRL,1986,37.6176,21654,88.2727,12.5208,11.4026,60.9076,18.03,1.05132,11798,,0,7707.91,9451.32
IRL,1987,38.9224,23139.2,91.0427,10.8333,11.4399,62.0362,18.07,1.07702,12630.7,,0,8320.13,9952.08
IRL,1988,40.2686,24715.9,92.9922,8.04583,9.5111,63.5666,17.44,1.06657,13885.8,,0,9066.22,10209.7
IRL,1989,42.7863,27413.1,96.7895,10.035,9.3172,84.1626,16.1,0.979591,15795,,0,9231.64,9760.34
IRL,1990,46.134,29719.1,100,11.3067,10.4391,100,14.09,0.906149,17388.7,,0,9921.34,10787.8
IRL,1991,46.6267,30920.6,103.196,10.4275,9.52465,100.096,15.78,0.917041,18318.6,,0,10630.8,11649.5
IRL,1992,47.9043,32930.2,106.416,14.3183,9.46622,103.722,15.03,0.885879,19479.9,,0,11397.8,12478.4
IRL,1993,48.7441,35464,107.914,9.11917,7.70083,96.2113,15.59,0.913347,20832,,0,12271.5,13312.6
IRL,1994,51.4471,38114.6,110.445,5.93,7.92083,100.924,14.57,0.86109,22876.5,,0,13413.8,13912.7
IRL,1995,56.1414,43177.4,113.224,6.2475,8.255,119.747,11.98,0.785441,26113.5,,0,13918.1,14683.4
IRL,1996,60.8268,47426.6,115.139,5.41833,7.28917,135.987,11.72,0.706654,30380,,0,22291.2,21448.2
IRL,1997,66.6617,54722.6,116.811,6.09167,6.29333,161.032,10.2,0.624303,37780.3,,0,24909.7,23167.3
IRL,1998,71.6831,63419.8,119.634,5.42583,4.79667,208.486,7.7,0.523878,45734,,0,27776.5,25149.2
IRL,1999,78.318,73165.6,121.596,2.9635,4.71083,246.202,5.8,0.473411,60484.9,,0,31530.8,26776.4
IRL,2000,84.5026,85548.2,128.363,4.39177,5.5125,298.27,4.32,0.364016,71785,,0,36388.7,29591.6
IRL,2001,87.6126,96267,134.616,4.26178,5.01167,311.982,3.68,0.335566,82843.6,,0,39377.3,34564
IRL,2002,91.2336,107234,140.859,3.31859,5.01,353.179,4.22,0.308733,90862.5,,0,43153.5,39568
IRL,2003,92.4941,114787,145.762,2.33347,4.1325,401.122,4.48,0.298186,97577.6,,0,47190.6,43086.7
IRL,2004,96.8791,123211,148.96,2.10633,4.07667,436.21,4.49,0.280872,127590,,0,52185.2,46605.8
IRL,2005,100,134287,152.583,2.18467,3.32917,477.018,4.34,0.260536,165922,,0,58008.6,51624.7
IRL,2006,102.132,145806,158.593,3.07923,3.765,544.8,4.41,0.236453,209247,,0,65228.3,56641.3
IRL,2007,104.534,155389,166.308,4.27761,4.30583,547.342,4.98,0.239423,243913,,0,69180,62366.3
IRL,2008,98.2118,147672,173.05,4.63423,4.52583,474.052,6.77,0.425137,243773,,1,65721.5,67564.6
IRL,2009,92.5588,133666,165.296,1.22836,5.225,387.63,12.61,0.617539,224876,,0,58930.8,68536.7
IRL,2010,93.7577,131966,163.734,0.81095,5.73917,333.404,14.53,0.861779,175430,,0,56670.2,65898.5
IRL,2011,93.7292,135372,167.966,1.3906,9.60167,268.164,15.35,1.1051,156309,,0,59888,69166.3
IRL,2012,93.5287,138392,170.809,0.573183,6.17167,259.691,15.45,1.1967,153795,,0,61058.9,69268.8
IRL,2013,94.2666,141465,171.669,0.220667,3.79,276.636,13.73,1.20038,147421,,0,61913.2,67775.5
IRL,2014,101.503,153705,172.006,0.209933,2.3675,326.202,11.86,1.04336,123603,,0,65852.2,67835.9
IRL,2015,125.748,207217,171.5,-0.0193667,1.1825,349.502,9.91,0.767424,109300,,0,69831.3,68216.3
IRL,2016,128.784,212940,171.5,-0.263692,0.735833,380.852,8.37,0.74294,102789,,0,72051.2,69423.1
IRL,2017,137.696,234125,171.988,-0.32905,0.801667,427.028,6.71,0.677851,103300,,0,76088,72149.7
IRL,2018,147.283,257085,172.819,-0.322092,0.950833,453.718,5.74,0.631362,104182,,0,81554.6,75108.5
IRL,2019,,257085,174.37,-0.356333,0.333333,455.412,4.95,0.572149,102861,,0,86930.4,78592.5
IRL,2020,,257085,174.162,-0.42515,-0.0608333,465.58,5.62,0.584337,97086.2,,0,85854.5,92298.9
JPN,1980,61.8692,242.839,81.8,10.9298,9.215,52.7415,2,0.487146,151.831,3.0354,0,30.8402,43.405
JPN,1981,63.2253,261.068,85.8,7.43412,8.66,59.1819,2.2,0.531128,165.098,2.94537,0,33.6255,46.9212
JPN,1982,64.5426,274.087,88.1,6.93525,8.055,64.5779,2.4,0.58117,178.959,2.89003,0,35.2812,47.2451
JPN,1983,65.1415,285.058,89.7,6.39226,7.41917,68.3203,2.6,0.642939,193.379,2.83242,0,37.3227,50.6353
JPN,1984,66.7587,302.975,91.7,6.09998,6.805,70.7572,2.7,0.661719,210.004,2.7903,0,40.0169,51.4806
JPN,1985,69.7422,325.402,93.5,7.31483,6.34083,72.6719,2.6,0.683152,253.541,2.70819,0,42.7589,53.005
JPN,1986,71.3795,340.56,94.1,4.96132,4.94417,74.2385,2.8,0.742981,307.193,2.37163,0,45.5561,53.64
JPN,1987,73.7363,354.17,94.2,3.66879,4.21167,77.5457,2.8,0.764093,331.589,2.55027,0,50.1962,57.731
JPN,1988,78.4092,380.743,94.9,3.83478,4.27417,84.0731,2.5,0.723619,355.344,2.95572,0,55.1174,61.471
JPN,1989,82.2361,410.122,97,5.1171,5.05417,88.6858,2.3,0.656758,389.247,3.56416,0,60.1117,65.859
JPN,1990,86.2325,442.781,100,7.3979,7.3625,100,2.1,0.629799,416.563,3.75528,0,65.8461,69.269
JPN,1991,88.8538,469.422,103.3,7.52534,6.52583,109.748,2.1,0.624362,432.391,3.90871,0,67.4981,70.547
JPN,1992,89.4966,480.783,105,4.65981,4.94417,107.05,2.2,0.669336,441.302,4.10926,0,62.2362,70.497
JPN,1993,89.497,483.712,106.4,3.05935,3.6925,101.741,2.5,0.726271,513.801,4.27218,0,64.0202,75.102
JPN,1994,90.1748,510.916,107.1,2.19571,3.71417,98.7815,2.9,0.834323,515.355,4.38682,0,60.9309,73.614
JPN,1995,91.542,521.614,107,1.21346,2.53167,97.302,3.2,0.942299,520.127,4.30437,0,62.4891,75.939
JPN,1996,93.6606,535.562,107.1,0.46982,2.225,95.4743,3.4,0.991941,522.912,3.84002,0,63.339,77.8219
JPN,1997,94.7154,543.545,109,0.48404,1.6875,93.9948,3.4,1.04831,523.828,3.67427,1,63.657,79.3746
JPN,1998,92.8123,536.497,109.7,0.37148,1.09667,92.6893,4.1,1.16046,517.243,3.13975,0,60.6274,80.8601
JPN,1999,92.4317,528.07,109.4,0.05856,1.77083,90.2524,4.7,1.2903,508.6,4.43958,0,58.2518,82.6983
JPN,2000,94.9877,535.418,108.6,0.10838,1.7475,87.0322,4.7,1.35647,491.442,4.55543,0,62.6107,85.739
JPN,2001,95.1443,531.654,107.797,0.05797,1.32958,83.5509,5,1.44443,470.747,4.70717,0,60.0499,87.6638
JPN,2002,95.0492,524.479,106.8,0.01094,1.25,79.8085,5.4,1.54285,446.573,4.04445,0,54.1964,87.6808
JPN,2003,96.5335,523.969,106.524,0.00136,1.01167,75.9791,5.3,1.6007,425.379,3.68424,0,52.6957,88.6133
JPN,2004,98.7233,529.401,106.513,0.000850833,1.49917,71.1053,4.7,1.68925,412.308,3.6017,0,55.4498,89.7851
JPN,2005,100,532.515,106.212,0.00123833,1.35958,67.2759,4.4,1.74293,409.965,3.64606,0,61.142,92.4313
JPN,2006,101.308,535.17,106.479,0.124527,1.73125,64.6649,4.1,1.74033,414.44,3.93229,0,75.9308,91.9385
JPN,2007,102.693,539.282,106.546,0.472652,1.65292,63.7076,3.9,1.72809,415.521,4.06153,0,63.564,93.2556
JPN,2008,101.387,527.824,108.021,0.461417,1.44917,63.2724,4,1.80715,425.168,4.08379,0,66.2431,92.895
JPN,2009,95.6268,494.938,106.564,0.10525,1.3425,59.6522,5.1,1.98703,419.568,4.37739,0,55.58,94.2388
JPN,2010,99.5276,505.531,105.794,0.0935,1.15083,61.0571,5.1,2.05693,409.907,4.52532,0,52.6391,90.0106
JPN,2011,99.7359,497.449,105.506,0.07775,1.11833,61.4985,4.521,2.19095,412.034,4.55311,0,54.3072,95.3625
JPN,2012,101.269,500.475,105.447,0.0825833,0.839167,61.0602,4.3,2.26093,416.668,4.71035,0,56.5911,93.469
JPN,2013,103.448,508.701,105.809,0.075,0.7,62.5056,4,2.29626,423.827,4.94307,0,61.3776,95.8205
JPN,2014,103.892,518.811,108.73,0.0679167,0.52625,63.4805,3.6,2.33528,434.025,5.04042,0,67.4667,94.4965
JPN,2015,105.626,538.032,109.592,0.0728333,0.346667,65.0094,3.4,2.28397,444.649,5.09109,0,70.3734,94.2588
JPN,2016,106.545,544.365,109.467,-0.02625,-0.066,66.4473,3.1,2.3252,458.649,4.81445,0,69.0561,93.292
JPN,2017,108.508,553.073,109.999,-0.048,0.0516667,68.1294,2.8,2.31416,470.625,4.9485,0,73.0623,92.6615
JPN,2018,109.336,556.294,111.087,-0.0604167,0.065,69.4533,2.4,2.32509,,4.71881,0,75.0665,92.6487
JPN,2019,109.861,558.491,111.607,-0.0519167,-0.110417,70.5604,2.35,2.34859,,4.92666,0,73.8813,94.9647
JPN,2020,103.831,538.155,111.577,-0.0350833,-0.00541667,70.6096,2.8,2.53906,,4.45428,0,,
CAN,1980,66.9613,322.748,56.2068,12.7933,12.4842,43.5994,7.5368,0.456318,204.222,2.38974,0,57.491,65.52
CAN,1981,68.1897,368.358,63.2115,17.72,15.2192,63.4201,7.6071,0.469329,250.767,3.15061,0,64.479,74.35
CAN,1982,65.3208,388.181,70.0405,13.6575,14.2558,60.0075,11.0403,0.526685,249.805,3.37938,0,66.355,87.696
CAN,1983,66.5503,421.316,74.1141,9.31,11.7917,57.35,12.0184,0.584026,249.332,3.8212,0,68.723,96.634
CAN,1984,69.694,461.986,77.3298,11.0592,12.7508,57.2075,11.3444,0.616739,272.852,4.1259,0,74.997,108.646
CAN,1985,72.7832,500.027,80.3851,9.43,11.0442,56.4579,10.5025,0.668694,299.262,4.22908,0,81.607,119.515
CAN,1986,73.9424,526.63,83.7402,8.97083,9.52,61.131,9.593,0.709985,314.982,4.66502,0,90.033,118.793
CAN,1987,75.9545,574.336,87.3954,8.14583,9.95,70.2362,8.82,0.714491,350.691,4.43081,0,98.755,124.886
CAN,1988,78.6242,626.894,90.911,9.4825,10.2242,78.3819,7.7619,0.710836,398.905,5.06591,0,108.077,134.756
CAN,1989,79.102,671.579,95.452,12.0542,9.92,92.1289,7.5465,0.722471,449.873,5.10932,0,115.286,143.271
CAN,1990,78.1246,695.501,100,12.8083,10.8517,100,8.1311,0.751899,482.058,5.14606,0,123.164,156.666
CAN,1991,75.5696,701.773,105.615,8.72667,9.76417,97.1256,10.3161,0.823395,507.985,5.58171,0,128.975,165.61
CAN,1992,75.1454,718.436,107.206,6.585,8.765,101.066,11.197,0.902316,531.78,5.24253,0,133.209,169.243
CAN,1993,75.8514,747.037,109.18,4.84333,7.845,108.083,11.3769,0.963238,551.1,4.95576,0,131.98,172.178
CAN,1994,78.5713,791.972,109.382,5.53833,8.63167,112.032,10.3952,0.979618,571.885,4.84343,0,135.092,170.635
CAN,1995,79.7859,831.621,111.754,6.8925,8.28083,110.551,9.4889,1.01601,574.38,4.72952,0,143.914,175.978
CAN,1996,80.0859,859.834,113.498,4.20667,7.50333,108.211,9.6197,1.01719,599.954,4.23279,0,152.244,170.46
CAN,1997,82.5964,906.926,115.326,3.25833,6.42417,111.046,9.1005,0.963179,632.111,4.08538,0,168.985,162.672
CAN,1998,85.0604,940.548,116.465,4.73083,5.465,111.772,8.2785,0.951646,677.7,4.21098,0,174.011,166.534
CAN,1999,88.8802,1007.93,118.497,4.71975,5.69083,112.29,7.5831,0.913692,683.587,4.73975,0,184.815,175.875
CAN,2000,92.5875,1106.07,121.74,5.48983,5.88583,113.743,6.8287,0.821269,708.474,4.69112,0,203.952,183.625
CAN,2001,93.284,1144.54,124.793,3.76858,5.7825,115.927,7.2186,0.826591,743.244,4.63097,0,201.102,187.964
CAN,2002,95.2141,1193.69,127.633,2.58575,5.66167,124.953,7.6648,0.80554,775.793,4.51866,0,197.095,187.879
CAN,2003,96.1881,1254.75,131.133,2.87008,5.27833,137.601,7.5738,0.765618,808.048,4.6887,0,203.136,198.741
CAN,2004,97.8943,1335.73,133.546,2.21992,5.08083,152.715,7.1853,0.726007,875.841,4.42981,0,212.09,201.667
CAN,2005,100,1421.59,136.525,2.72608,4.38583,167.378,6.7581,0.716082,949.877,4.4348,0,224.217,223.834
CAN,2006,103.119,1496.6,139.279,4.03417,4.29917,186.5,6.3203,0.702553,1029.37,4.50044,0,235.315,223.505
CAN,2007,109.136,1577.66,142.247,4.15167,4.335,207.065,6.0361,0.665183,1141.79,4.24961,0,249.091,234.368
CAN,2008,109.049,1657.04,145.639,2.39,4.04,223.047,6.1371,0.711141,1242.42,4.45568,0,244.023,244.447
CAN,2009,104.654,1571.33,146.076,0.35,3.89083,217.623,8.344,0.833014,1268.5,5.5256,0,229.536,259.125
CAN,2010,106.694,1666.05,148.66,0.5975,3.6575,234.281,8.0555,0.839532,1357.42,5.56005,0,233.171,279.771
CAN,2011,108.98,1774.06,152.958,0.921667,3.21417,249.785,7.5111,0.817779,1487.81,4.91893,0,249.029,275.572
CAN,2012,109.703,1827.2,155.297,0.9725,2.33167,259.232,7.2918,0.854052,1590.93,5.26939,0,255.67,275.829
CAN,2013,111.078,1902.25,156.733,0.969167,2.71833,265.901,7.0736,0.861291,1678.83,5.44166,0,265.095,276.764
CAN,2014,113.123,1994.9,159.743,0.910833,2.59833,280.067,6.9141,0.855794,1776.2,5.37897,0,278.597,270.957
CAN,2015,113.022,1990.44,161.53,0.503333,2.02333,295.118,6.9065,0.911923,1906.68,5.52235,0,290.921,282.998
CAN,2016,112.868,2025.54,163.849,0.5,1.80417,324.335,6.9989,0.917326,1998.88,5.71722,0,296.241,298.754
CAN,2017,114.912,2140.64,166.475,0.71,2.18083,363.881,6.3397,0.888412,2118.64,5.82638,0,315.573,318.404
CAN,2018,116.053,2231.17,170.251,1.40167,2.325,378.594,5.8308,0.888319,2255.59,5.63767,0,340.531,333.778
CAN,2019,116.553,2310.71,173.57,1.65583,1.72583,383.025,5.6626,0.868206,2373.76,5.70477,0,344.181,353.056
CAN,2020,109.164,2204.91,174.814,0.419167,1.07583,405.504,9.46,1.1746,2480.08,5.43132,0,336.656,575.15
DEU,1980,67.6714,1542.21,77.2511,9.061,8.48583,85.4042,2.69316,0.3,1122.09,3.27156,0,189.948,217.578
DEU,1981,67.6062,1615.1,82.1373,11.263,10.1083,91.021,3.89799,0.34,1205.65,3.26318,0,196.905,234.866
DEU,1982,67.0225,1682.42,86.4633,8.666,8.965,92.1556,5.31544,0.37,1270.29,3.30931,0,208.937,246.617
DEU,1983,68.4425,1756.86,89.2959,5.363,8.01833,92.159,6.4494,0.38,1360.34,3.33784,0,216.78,248.721
DEU,1984,70.6514,1842.39,91.446,5.545,7.94917,89.9061,6.6747,0.39,1446.76,3.38102,0,225.204,253.851
DEU,1985,72.2602,1925.34,93.4417,5.193,6.9475,89.9034,6.8749,0.39,1547.54,3.50379,0,236.546,259.312
DEU,1986,73.9049,2028.45,93.3249,4.573,5.89417,89.9058,6.61,0.39,1614.22,3.60357,0,240.379,263.661
DEU,1987,74.9895,2083.21,93.5507,3.722,6.14083,88.7794,6.8164,0.41,1665.29,3.66603,0,243.425,271.342
DEU,1988,77.3083,2196.96,94.7422,4.009,6.48917,89.9014,6.3186,0.41,1753.66,3.64802,0,242.183,278.176
DEU,1989,79.3143,2348.29,97.3743,6.589,6.89833,93.2704,5.7057,0.39,1881.1,3.76369,0,272.815,292.884
DEU,1990,81.91,2555.64,100,7.923,8.70417,100,4.8903,0.41,2218.29,3.78944,0,287.488,311.376
DEU,1991,85.3052,3101.56,103.636,8.84,8.45833,104.941,5.3172,0.44,2451.49,3.9112,0,352.869,406.069
DEU,1992,86.5497,3328.94,108.878,9.416,7.8475,112.355,6.3233,0.411883,2648.17,4.1208,0,392.308,431.679
DEU,1993,85.2814,3424.44,113.731,7.489,6.51083,118.527,7.6753,0.448943,2848.4,4.04036,0,395.526,462.505
DEU,1994,87.2511,3578.29,116.84,5.347,6.86667,123.472,8.728,0.47294,3007.27,4.21128,0,428.297,478.908
DEU,1995,88.6439,3705.54,118.99,4.503,6.85,124.716,8.1585,0.549024,3175.92,4.19792,0,439.336,489.865
DEU,1996,89.2678,3757.89,120.761,3.273,6.21583,123.595,8.8247,0.577939,3417.44,4.11619,0,415.17,493.673
DEU,1997,90.7474,3835.68,122.595,3.184,5.64083,121.351,9.8631,0.588666,3614.15,4.15111,0,418.595,482.083
DEU,1998,92.5759,3939.86,123.312,3.414,4.57167,119.099,9.7883,0.595347,3850.79,4.03378,0,456.215,512.817
DEU,1999,94.3799,4027.99,124.149,2.732,4.49083,121.341,8.855,0.601394,4095.84,4.12762,0,479.13,530.421
DEU,2000,97.2792,4125.02,125.891,4.112,5.26333,121.345,7.9173,0.590658,4277.93,4.20385,0,571.949,519.288
DEU,2001,98.3759,4249.12,128.283,4.373,4.7975,121.348,7.7727,0.579365,4373.85,4.31591,0,479.131,524
DEU,2002,98.292,4299.15,129.957,3.278,4.7825,117.981,8.4819,0.597035,4383.4,4.52161,0,486.096,549.977
DEU,2003,98.0506,4325.45,131.378,2.318,4.07083,116.854,9.779,0.633089,4384.18,4.54933,0,472.482,549.101
DEU,2004,99.242,4425.1,133.678,2.04833,4.03667,114.607,10.7267,0.649877,4350.09,4.32387,0,457.355,535.119
DEU,2005,100,4475.55,136.257,2.09,3.35333,112.36,11.1667,0.673465,4354.91,4.38467,0,489.042,550.533
DEU,2006,103.934,4664.81,138.689,2.83583,3.7625,112.355,10.2502,0.667047,4385.43,4.69174,0,497.853,553.083
DEU,2007,107.17,4888.69,141.864,3.85917,4.21667,113.538,8.6583,0.639942,4476.81,4.61532,0,543.852,572.663
DEU,2008,108.405,4980.5,145.758,3.81833,3.98417,114.244,7.5245,0.655222,4610.92,4.75391,1,572.642,595.781
DEU,2009,102.492,4783.43,146.117,0.625833,3.2225,114.833,7.7416,0.729901,4611.05,5.04462,0,552.637,620.147
DEU,2010,106.94,5015.53,147.751,0.383333,2.74333,117.778,6.9664,0.823816,4601.88,4.55907,0,564.644,651.413
DEU,2011,113.217,5268.15,151.419,0.809167,2.60667,124.138,5.8244,0.79801,4724.66,4.65832,0,600.721,635.355
DEU,2012,113.477,5369.36,154.676,0.255,1.49513,135.971,5.3794,0.811354,4764.22,5.00505,0,656.093,699.215
DEU,2013,113.663,5498.52,157.148,0.0891667,1.57141,144.439,5.2306,0.787169,4604.07,5.75389,0,655.637,680.858
DEU,2014,115.691,5725.56,158.356,0.0966667,1.16347,148.962,4.9806,0.756694,4664.23,5.91597,0,682.442,675.477
DEU,2015,116.405,5918.69,159.433,-0.1075,0.495194,155.981,4.6242,0.72207,4772.18,6.21408,0,708.562,667.497
DEU,2016,118.044,6131.02,160.031,-0.32,0.0914992,167.722,4.1218,0.692768,4913,6.24851,0,719.051,709.284
DEU,2017,120.756,6390.01,162.769,-0.355,0.316336,177.98,3.7455,0.646577,5104.91,6.59069,0,795.536,735.662
DEU,2018,121.701,6586.96,165.919,-0.361667,0.396364,189.799,3.3835,0.612715,5333.61,6.79059,0,779.283,754.946
DEU,2019,122.709,6793.28,168.164,-0.3925,-0.253634,200.759,3.14,0.58925,5603.15,6.60999,0,805.401,776.47
DEU,2020,116.894,6586.37,168.789,-0.460833,-0.511024,216.322,3.81,0.687242,5853.85,6.0918,0,746.797,1000.82
